"β","plot_color","label"
0.2246901480430519,green,"Mattingly"
0.9535264464398098,red,"Literature"
0.16000921632177495,blue,"Fit"
